sentid	pairid	comparison	sentence	ROI	verb	freq_bin	frequency
1	1	expected	David abandoned John because he	4	abandoned	low	2
2	1	unexpected	Elizabeth abandoned John because he	4	abandoned	low	2
3	2	expected	James abashed Daniel because he	4	abashed	low	0
4	2	unexpected	Jennifer abashed Daniel because he	4	abashed	low	0
5	3	expected	David abhorred Mark because he	4	abhorred	low	3
6	3	unexpected	Lily abhorred Mark because he	4	abhorred	low	3
7	4	expected	Daniel acclaimed Richard because he	4	acclaimed	high	35
8	4	unexpected	Mary acclaimed Richard because he	4	acclaimed	high	35
9	5	expected	John accompanied David because he	4	accompanied	high	36
10	5	unexpected	Linda accompanied David because he	4	accompanied	high	36
11	6	expected	James accused Mark because he	4	accused	high	90
12	6	unexpected	Grace accused Mark because he	4	accused	high	90
13	7	expected	John admired Mark because he	4	admired	high	74
14	7	unexpected	Linda admired Mark because he	4	admired	high	74
15	8	expected	Mark admonished Richard because he	4	admonished	low	1
16	8	unexpected	Linda admonished Richard because he	4	admonished	low	1
17	9	expected	Thomas adored Robert because he	4	adored	low	18
18	9	unexpected	Mary adored Robert because he	4	adored	low	18
19	10	expected	Michael advised Richard because he	4	advised	high	73
20	10	unexpected	Emily advised Richard because he	4	advised	high	73
21	11	expected	Robert affected Michael because he	4	affected	high	95
22	11	unexpected	Linda affected Michael because he	4	affected	high	95
23	12	expected	William affronted David because he	4	affronted	high	30
24	12	unexpected	Lily affronted David because he	4	affronted	high	30
25	13	expected	Richard aggravated David because he	4	aggravated	low	7
26	13	unexpected	Emily aggravated David because he	4	aggravated	low	7
27	14	expected	William agitated Robert because he	4	agitated	high	25
28	14	unexpected	Mary agitated Robert because he	4	agitated	high	25
29	15	expected	Thomas alarmed Mark because he	4	alarmed	low	0
30	15	unexpected	Lily alarmed Mark because he	4	alarmed	low	0
31	16	expected	Richard alienated David because he	4	alienated	low	21
32	16	unexpected	Sarah alienated David because he	4	alienated	low	21
33	17	expected	Robert amazed William because he	4	amazed	low	4
34	17	unexpected	Grace amazed William because he	4	amazed	low	4
35	18	expected	James amused David because he	4	amused	low	7
36	18	unexpected	Mary amused David because he	4	amused	low	7
37	19	expected	James angered Robert because he	4	angered	low	11
38	19	unexpected	Lily angered Robert because he	4	angered	low	11
39	20	expected	James annoyed David because he	4	annoyed	high	268
40	20	unexpected	Susan annoyed David because he	4	annoyed	high	268
41	21	expected	Robert answered Thomas because he	4	answered	high	280
42	21	unexpected	Emily answered Thomas because he	4	answered	high	280
43	22	expected	Michael antagonized William because he	4	antagonized	low	1
44	22	unexpected	Emily antagonized William because he	4	antagonized	low	1
45	23	expected	James apologized to Robert because he	5	apologized to	high	57
46	23	unexpected	Lily apologized to Robert because he	5	apologized to	high	57
47	24	expected	Daniel appalled Michael because he	4	appalled	high	32
48	24	unexpected	Sarah appalled Michael because he	4	appalled	high	32
49	25	expected	James appeased Michael because he	4	appeased	low	5
50	25	unexpected	Jessica appeased Michael because he	4	appeased	low	5
51	26	expected	Richard applauded Robert because he	4	applauded	low	12
52	26	unexpected	Sarah applauded Robert because he	4	applauded	low	12
53	27	expected	James appreciated William because he	4	appreciated	high	94
54	27	unexpected	Mary appreciated William because he	4	appreciated	high	94
55	28	expected	James approached John because he	4	approached	high	75
56	28	unexpected	Emily approached John because he	4	approached	high	75
57	29	expected	Richard astonished Robert because he	4	astonished	low	13
58	29	unexpected	Lily astonished Robert because he	4	astonished	low	13
59	30	expected	James astounded William because he	4	astounded	low	0
60	30	unexpected	Linda astounded William because he	4	astounded	low	0
61	31	expected	Thomas attracted Richard because he	4	attracted	low	1
62	31	unexpected	Jessica attracted Richard because he	4	attracted	low	1
63	32	expected	Michael avoided Robert because he	4	avoided	high	68
64	32	unexpected	Jennifer avoided Robert because he	4	avoided	high	68
65	33	expected	James baffled Mark because he	4	baffled	low	1
66	33	unexpected	Sarah baffled Mark because he	4	baffled	low	1
67	34	expected	Robert banished Richard because he	4	banished	low	9
68	34	unexpected	Grace banished Richard because he	4	banished	low	9
69	35	expected	Richard battled William because he	4	battled	low	6
70	35	unexpected	Linda battled William because he	4	battled	low	6
71	36	expected	Michael beguiled Mark because he	4	beguiled	high	108
72	36	unexpected	Jessica beguiled Mark because he	4	beguiled	high	108
73	37	expected	David believed John because he	4	believed	high	337
74	37	unexpected	Lily believed John because he	4	believed	high	337
75	38	expected	Michael betrayed Daniel because he	4	betrayed	low	7
76	38	unexpected	Susan betrayed Daniel because he	4	betrayed	low	7
77	39	expected	Daniel bewildered David because he	4	bewildered	high	107
78	39	unexpected	Susan bewildered David because he	4	bewildered	high	107
79	40	expected	Richard blamed Thomas because he	4	blamed	high	41
80	40	unexpected	Sarah blamed Thomas because he	4	blamed	high	41
81	41	expected	Robert blessed Mark because he	4	blessed	high	47
82	41	unexpected	Mary blessed Mark because he	4	blessed	high	47
83	42	expected	David bored Mark because he	4	bored	low	19
84	42	unexpected	Elizabeth bored Mark because he	4	bored	low	19
85	43	expected	William bothered David because he	4	bothered	high	71
86	43	unexpected	Elizabeth bothered David because he	4	bothered	high	71
87	44	expected	Richard bugged Michael because he	4	bugged	low	4
88	44	unexpected	Jessica bugged Michael because he	4	bugged	low	4
89	45	expected	John called Robert because he	4	called	low	15
90	45	unexpected	Sarah called Robert because he	4	called	low	15
91	46	expected	Michael calmed Mark because he	4	calmed	high	153
92	46	unexpected	Lily calmed Mark because he	4	calmed	high	153
93	47	expected	Robert calmed down Mark because he	5	calmed down	low	0
94	47	unexpected	Grace calmed down Mark because he	5	calmed down	low	0
95	48	expected	James captivated Michael because he	4	captivated	high	46
96	48	unexpected	Emily captivated Michael because he	4	captivated	high	46
97	49	expected	Michael caressed Mark because he	4	caressed	low	5
98	49	unexpected	Sarah caressed Mark because he	4	caressed	low	5
99	50	expected	John carried William because he	4	carried	low	0
100	50	unexpected	Jessica carried William because he	4	carried	low	0
101	51	expected	John castigated David because he	4	castigated	low	1
102	51	unexpected	Emily castigated David because he	4	castigated	low	1
103	52	expected	Robert caught James because he	4	caught	high	124
104	52	unexpected	Mary caught James because he	4	caught	high	124
105	53	expected	James cautioned David because he	4	cautioned	high	191
106	53	unexpected	Lily cautioned David because he	4	cautioned	high	191
107	54	expected	Thomas celebrated David because he	4	celebrated	high	48
108	54	unexpected	Sarah celebrated David because he	4	celebrated	high	48
109	55	expected	Michael censured Daniel because he	4	censured	high	39
110	55	unexpected	Jessica censured Daniel because he	4	censured	high	39
111	56	expected	Mark charmed Michael because he	4	charmed	high	418
112	56	unexpected	Elizabeth charmed Michael because he	4	charmed	high	418
113	57	expected	Mark chased Richard because he	4	chased	high	28
114	57	unexpected	Linda chased Richard because he	4	chased	high	28
115	58	expected	Mark chastened James because he	4	chastened	low	0
116	58	unexpected	Elizabeth chastened James because he	4	chastened	low	0
117	59	expected	Richard chastized William because he	4	chastized	low	0
118	59	unexpected	Jessica chastized William because he	4	chastized	low	0
119	60	expected	Mark cheated Thomas because he	4	cheated	low	17
120	60	unexpected	Lily cheated Thomas because he	4	cheated	low	17
121	61	expected	James cheered Daniel because he	4	cheered	high	48
122	61	unexpected	Lily cheered Daniel because he	4	cheered	high	48
123	62	expected	William cherished John because he	4	cherished	low	13
124	62	unexpected	Grace cherished John because he	4	cherished	low	13
125	63	expected	Mark chided James because he	4	chided	low	1
126	63	unexpected	Grace chided James because he	4	chided	low	1
127	64	expected	James chilled John because he	4	chilled	low	7
128	64	unexpected	Lily chilled John because he	4	chilled	low	7
129	65	expected	John comforted James because he	4	comforted	high	612
130	65	unexpected	Lily comforted James because he	4	comforted	high	612
131	66	expected	John commended William because he	4	commended	low	10
132	66	unexpected	Lily commended William because he	4	commended	low	10
133	67	expected	Mark compensated James because he	4	compensated	high	44
134	67	unexpected	Elizabeth compensated James because he	4	compensated	high	44
135	68	expected	Thomas complemented James because he	4	complemented	low	4
136	68	unexpected	Sarah complemented James because he	4	complemented	low	4
137	69	expected	Michael complimented Thomas because he	4	complimented	high	113
138	69	unexpected	Linda complimented Thomas because he	4	complimented	high	113
139	70	expected	Thomas concerned Richard because he	4	concerned	high	36
140	70	unexpected	Linda concerned Richard because he	4	concerned	high	36
141	71	expected	David condemned Daniel because he	4	condemned	high	34
142	71	unexpected	Susan condemned Daniel because he	4	condemned	high	34
143	72	expected	William confessed to Richard because he	5	confessed to	high	92
144	72	unexpected	Susan confessed to Richard because he	5	confessed to	high	92
145	73	expected	Thomas confided in John because he	5	confided in	low	0
146	73	unexpected	Lily confided in John because he	5	confided in	low	0
147	74	expected	John confounded Richard because he	4	confounded	low	20
148	74	unexpected	Emily confounded Richard because he	4	confounded	low	20
149	75	expected	David confused James because he	4	confused	low	16
150	75	unexpected	Linda confused James because he	4	confused	low	16
151	76	expected	James congratulated Mark because he	4	congratulated	low	17
152	76	unexpected	Jessica congratulated Mark because he	4	congratulated	low	17
153	77	expected	Michael consoled Richard because he	4	consoled	high	34
154	77	unexpected	Jennifer consoled Richard because he	4	consoled	high	34
155	78	expected	Robert consulted Thomas because he	4	consulted	high	68
156	78	unexpected	Linda consulted Thomas because he	4	consulted	high	68
157	79	expected	David corrected Thomas because he	4	corrected	high	37
158	79	unexpected	Sarah corrected Thomas because he	4	corrected	high	37
159	80	expected	David corrupted John because he	4	corrupted	low	21
160	80	unexpected	Sarah corrupted John because he	4	corrupted	low	21
161	81	expected	John counseled David because he	4	counseled	high	184
162	81	unexpected	Linda counseled David because he	4	counseled	high	184
163	82	expected	Michael courted Richard because he	4	courted	low	5
164	82	unexpected	Jessica courted Richard because he	4	courted	low	5
165	83	expected	Thomas criticized James because he	4	criticized	high	36
166	83	unexpected	Susan criticized James because he	4	criticized	high	36
167	84	expected	John cuddled Michael because he	4	cuddled	low	5
168	84	unexpected	Susan cuddled Michael because he	4	cuddled	low	5
169	85	expected	John dated Richard because he	4	dated	low	0
170	85	unexpected	Elizabeth dated Richard because he	4	dated	low	0
171	86	expected	Thomas daunted Robert because he	4	daunted	low	14
172	86	unexpected	Susan daunted Robert because he	4	daunted	low	14
173	87	expected	Mark debated with Thomas because he	5	debated with	low	18
174	87	unexpected	Jennifer debated with Thomas because he	5	debated with	low	18
175	88	expected	James deceived Robert because he	4	deceived	low	0
176	88	unexpected	Linda deceived Robert because he	4	deceived	low	0
177	89	expected	John decried Mark because he	4	decried	low	0
178	89	unexpected	Mary decried Mark because he	4	decried	low	0
179	90	expected	William defamed John because he	4	defamed	low	1
180	90	unexpected	Mary defamed John because he	4	defamed	low	1
181	91	expected	Daniel defied Thomas because he	4	defied	low	8
182	91	unexpected	Sarah defied Thomas because he	4	defied	low	8
183	92	expected	Mark delighted Michael because he	4	delighted	high	57
184	92	unexpected	Mary delighted Michael because he	4	delighted	high	57
185	93	expected	Mark denigrated David because he	4	denigrated	low	0
186	93	unexpected	Jennifer denigrated David because he	4	denigrated	low	0
187	94	expected	David denounced Daniel because he	4	denounced	low	10
188	94	unexpected	Linda denounced Daniel because he	4	denounced	low	10
189	95	expected	Richard deplored David because he	4	deplored	low	10
190	95	unexpected	Grace deplored David because he	4	deplored	low	10
191	96	expected	James deprecated John because he	4	deprecated	low	0
192	96	unexpected	Grace deprecated John because he	4	deprecated	low	0
193	97	expected	David derided Richard because he	4	derided	low	3
194	97	unexpected	Grace derided Richard because he	4	derided	low	3
195	98	expected	Daniel deserted Mark because he	4	deserted	low	13
196	98	unexpected	Emily deserted Mark because he	4	deserted	low	13
197	99	expected	Robert despised James because he	4	despised	low	23
198	99	unexpected	Emily despised James because he	4	despised	low	23
199	100	expected	James detested Robert because he	4	detested	low	10
200	100	unexpected	Susan detested Robert because he	4	detested	low	10
201	101	expected	Michael disappointed Robert because he	4	disappointed	low	3
202	101	unexpected	Jessica disappointed Robert because he	4	disappointed	low	3
203	102	expected	William discouraged David because he	4	discouraged	high	666
204	102	unexpected	Mary discouraged David because he	4	discouraged	high	666
205	103	expected	Thomas disdained David because he	4	disdained	high	55
206	103	unexpected	Lily disdained David because he	4	disdained	high	55
207	104	expected	Mark disgruntled James because he	4	disgruntled	high	58
208	104	unexpected	Sarah disgruntled James because he	4	disgruntled	high	58
209	105	expected	Robert disliked Michael because he	4	disliked	high	166
210	105	unexpected	Emily disliked Michael because he	4	disliked	high	166
211	106	expected	David disobeyed James because he	4	disobeyed	low	10
212	106	unexpected	Emily disobeyed James because he	4	disobeyed	low	10
213	107	expected	Robert disparaged Michael because he	4	disparaged	low	0
214	107	unexpected	Jessica disparaged Michael because he	4	disparaged	low	0
215	108	expected	Mark distracted Robert because he	4	distracted	low	1
216	108	unexpected	Grace distracted Robert because he	4	distracted	low	1
217	109	expected	Mark distressed John because he	4	distressed	low	1
218	109	unexpected	Sarah distressed John because he	4	distressed	low	1
219	110	expected	Robert distrusted David because he	4	distrusted	high	63
220	110	unexpected	Jennifer distrusted David because he	4	distrusted	high	63
221	111	expected	Robert divorced David because he	4	divorced	high	42
222	111	unexpected	Lily divorced David because he	4	divorced	high	42
223	112	expected	Mark dominated Michael because he	4	dominated	high	337
224	112	unexpected	Elizabeth dominated Michael because he	4	dominated	high	337
225	113	expected	Robert dreaded James because he	4	dreaded	high	99
226	113	unexpected	Emily dreaded James because he	4	dreaded	high	99
227	114	expected	James dreamed about Robert because he	5	dreamed about	high	24
228	114	unexpected	Sarah dreamed about Robert because he	5	dreamed about	high	24
229	115	expected	Thomas dumbfounded Robert because he	4	dumbfounded	low	0
230	115	unexpected	Mary dumbfounded Robert because he	4	dumbfounded	low	0
231	116	expected	David echoed Richard because he	4	echoed	high	33
232	116	unexpected	Elizabeth echoed Richard because he	4	echoed	high	33
233	117	expected	John embraced Daniel because he	4	embraced	low	0
234	117	unexpected	Emily embraced Daniel because he	4	embraced	low	0
235	118	expected	Michael employed Robert because he	4	employed	high	27
236	118	unexpected	Jennifer employed Robert because he	4	employed	high	27
237	119	expected	Thomas encouraged Mark because he	4	encouraged	low	2
238	119	unexpected	Susan encouraged Mark because he	4	encouraged	low	2
239	120	expected	Mark enlightened John because he	4	enlightened	low	2
240	120	unexpected	Lily enlightened John because he	4	enlightened	low	2
241	121	expected	David enlivened Michael because he	4	enlivened	high	79
242	121	unexpected	Sarah enlivened Michael because he	4	enlivened	high	79
243	122	expected	John enraged William because he	4	enraged	high	25
244	122	unexpected	Grace enraged William because he	4	enraged	high	25
245	123	expected	Mark enthralled Michael because he	4	enthralled	low	6
246	123	unexpected	Susan enthralled Michael because he	4	enthralled	low	6
247	124	expected	Michael enticed John because he	4	enticed	low	3
248	124	unexpected	Elizabeth enticed John because he	4	enticed	low	3
249	125	expected	William entranced John because he	4	entranced	low	9
250	125	unexpected	Emily entranced John because he	4	entranced	low	9
251	126	expected	James envied Daniel because he	4	envied	high	245
252	126	unexpected	Lily envied Daniel because he	4	envied	high	245
253	127	expected	William escorted Mark because he	4	escorted	high	114
254	127	unexpected	Susan escorted Mark because he	4	escorted	high	114
255	128	expected	Daniel esteemed Michael because he	4	esteemed	high	66
256	128	unexpected	Linda esteemed Michael because he	4	esteemed	high	66
257	129	expected	Michael exalted Daniel because he	4	exalted	low	0
258	129	unexpected	Susan exalted Daniel because he	4	exalted	low	0
259	130	expected	John exasperated Michael because he	4	exasperated	low	3
260	130	unexpected	Emily exasperated Michael because he	4	exasperated	low	3
261	131	expected	Richard excited James because he	4	excited	low	1
262	131	unexpected	Elizabeth excited James because he	4	excited	low	1
263	132	expected	Michael excused David because he	4	excused	high	381
264	132	unexpected	Susan excused David because he	4	excused	high	381
265	133	expected	John exhausted Thomas because he	4	exhausted	high	96
266	133	unexpected	Linda exhausted Thomas because he	4	exhausted	high	96
267	134	expected	James exhilarated Thomas because he	4	exhilarated	high	230
268	134	unexpected	Emily exhilarated Thomas because he	4	exhilarated	high	230
269	135	expected	Robert fancied James because he	4	fancied	high	86
270	135	unexpected	Linda fancied James because he	4	fancied	high	86
271	136	expected	John fascinated James because he	4	fascinated	low	0
272	136	unexpected	Susan fascinated James because he	4	fascinated	low	0
273	137	expected	William favoured Robert because he	4	favoured	high	995
274	137	unexpected	Lily favoured Robert because he	4	favoured	high	995
275	138	expected	Robert fazed William because he	4	fazed	high	242
276	138	unexpected	Sarah fazed William because he	4	fazed	high	242
277	139	expected	Richard feared Mark because he	4	feared	high	106
278	139	unexpected	Emily feared Mark because he	4	feared	high	106
279	140	expected	John fed David because he	4	fed	high	283
280	140	unexpected	Elizabeth fed David because he	4	fed	high	283
281	141	expected	Michael filmed Robert because he	4	filmed	low	5
282	141	unexpected	Mary filmed Robert because he	4	filmed	low	5
283	142	expected	David flabbergasted Richard because he	4	flabbergasted	low	4
284	142	unexpected	Emily flabbergasted Richard because he	4	flabbergasted	low	4
285	143	expected	William flattered Richard because he	4	flattered	low	0
286	143	unexpected	Grace flattered Richard because he	4	flattered	low	0
287	144	expected	Mark floored David because he	4	floored	low	3
288	144	unexpected	Susan floored David because he	4	floored	low	3
289	145	expected	Daniel followed James because he	4	followed	high	129
290	145	unexpected	Elizabeth followed James because he	4	followed	high	129
291	146	expected	John fooled Richard because he	4	fooled	low	17
292	146	unexpected	Mary fooled Richard because he	4	fooled	low	17
293	147	expected	Mark forgave Daniel because he	4	forgave	high	43
294	147	unexpected	Linda forgave Daniel because he	4	forgave	high	43
295	148	expected	William forgot Richard because he	4	forgot	high	348
296	148	unexpected	Lily forgot Richard because he	4	forgot	high	348
297	149	expected	William fought Daniel because he	4	fought	high	554
298	149	unexpected	Lily fought Daniel because he	4	fought	high	554
299	150	expected	Robert freed Mark because he	4	freed	high	38
300	150	unexpected	Elizabeth freed Mark because he	4	freed	high	38
301	151	expected	Richard frightened William because he	4	frightened	high	547
302	151	unexpected	Susan frightened William because he	4	frightened	high	547
303	152	expected	Robert frustrated Mark because he	4	frustrated	low	0
304	152	unexpected	Jennifer frustrated Mark because he	4	frustrated	low	0
305	153	expected	James galled Richard because he	4	galled	high	126
306	153	unexpected	Susan galled Richard because he	4	galled	high	126
307	154	expected	Michael gladdened Robert because he	4	gladdened	high	28
308	154	unexpected	Susan gladdened Robert because he	4	gladdened	high	28
309	155	expected	Mark grabbed John because he	4	grabbed	high	160
310	155	unexpected	Elizabeth grabbed John because he	4	grabbed	high	160
311	156	expected	Robert grazed James because he	4	grazed	low	0
312	156	unexpected	Susan grazed James because he	4	grazed	low	0
313	157	expected	Daniel greeted William because he	4	greeted	high	68
314	157	unexpected	Jessica greeted William because he	4	greeted	high	68
315	158	expected	Thomas grieved Daniel because he	4	grieved	low	6
316	158	unexpected	Linda grieved Daniel because he	4	grieved	low	6
317	159	expected	Mark guided Thomas because he	4	guided	high	475
318	159	unexpected	Jennifer guided Thomas because he	4	guided	high	475
319	160	expected	David hailed Robert because he	4	hailed	high	66
320	160	unexpected	Sarah hailed Robert because he	4	hailed	high	66
321	161	expected	Daniel harassed William because he	4	harassed	high	36
322	161	unexpected	Lily harassed William because he	4	harassed	high	36
323	162	expected	James harmed Robert because he	4	harmed	high	82
324	162	unexpected	Linda harmed Robert because he	4	harmed	high	82
325	163	expected	James hated Michael because he	4	hated	high	263
326	163	unexpected	Mary hated Michael because he	4	hated	high	263
327	164	expected	John haunted James because he	4	haunted	low	23
328	164	unexpected	Jessica haunted James because he	4	haunted	low	23
329	165	expected	Daniel helped David because he	4	helped	high	278
330	165	unexpected	Jessica helped David because he	4	helped	high	278
331	166	expected	Richard hired James because he	4	hired	high	96
332	166	unexpected	Susan hired James because he	4	hired	high	96
333	167	expected	Thomas hit Richard because he	4	hit	high	164
334	167	unexpected	Linda hit Richard because he	4	hit	high	164
335	168	expected	Michael honoured John because he	4	honoured	high	596
336	168	unexpected	Lily honoured John because he	4	honoured	high	596
337	169	expected	Richard hugged James because he	4	hugged	low	9
338	169	unexpected	Jennifer hugged James because he	4	hugged	low	9
339	170	expected	Mark hurt Thomas because he	4	hurt	low	1
340	170	unexpected	Mary hurt Thomas because he	4	hurt	low	1
341	171	expected	Mark idolized James because he	4	idolized	low	2
342	171	unexpected	Lily idolized James because he	4	idolized	low	2
343	172	expected	Thomas incensed Michael because he	4	incensed	low	5
344	172	unexpected	Jessica incensed Michael because he	4	incensed	low	5
345	173	expected	Mark infuriated Daniel because he	4	infuriated	low	1
346	173	unexpected	Grace infuriated Daniel because he	4	infuriated	low	1
347	174	expected	William inspired Thomas because he	4	inspired	low	6
348	174	unexpected	Grace inspired Thomas because he	4	inspired	low	6
349	175	expected	Mark instructed Richard because he	4	instructed	low	14
350	175	unexpected	Sarah instructed Richard because he	4	instructed	low	14
351	176	expected	Thomas insulted Michael because he	4	insulted	low	20
352	176	unexpected	Jessica insulted Michael because he	4	insulted	low	20
353	177	expected	Thomas interrupted Robert because he	4	interrupted	high	38
354	177	unexpected	Linda interrupted Robert because he	4	interrupted	high	38
355	178	expected	Robert intimidated Mark because he	4	intimidated	high	320
356	178	unexpected	Jessica intimidated Mark because he	4	intimidated	high	320
357	179	expected	James intrigued Robert because he	4	intrigued	low	17
358	179	unexpected	Jessica intrigued Robert because he	4	intrigued	low	17
359	180	expected	David invigorated Robert because he	4	invigorated	high	842
360	180	unexpected	Linda invigorated Robert because he	4	invigorated	high	842
361	181	expected	Robert irritated William because he	4	irritated	low	5
362	181	unexpected	Emily irritated William because he	4	irritated	low	5
363	182	expected	Mark jollified David because he	4	jollified	low	0
364	182	unexpected	Jennifer jollified David because he	4	jollified	low	0
365	183	expected	Michael jolted James because he	4	jolted	low	10
366	183	unexpected	Susan jolted James because he	4	jolted	low	10
367	184	expected	Michael killed James because he	4	killed	high	984
368	184	unexpected	Lily killed James because he	4	killed	high	984
369	185	expected	Richard kissed Daniel because he	4	kissed	low	1
370	185	unexpected	Emily kissed Daniel because he	4	kissed	low	1
371	186	expected	Mark lauded Thomas because he	4	lauded	low	0
372	186	unexpected	Susan lauded Thomas because he	4	lauded	low	0
373	187	expected	John laughed at James because he	5	laughed at	low	0
374	187	unexpected	Susan laughed at James because he	5	laughed at	low	0
375	188	expected	Richard led John because he	4	led	high	490
376	188	unexpected	Grace led John because he	4	led	high	490
377	189	expected	Richard left Thomas because he	4	left	high	175
378	189	unexpected	Mary left Thomas because he	4	left	high	175
379	190	expected	William lied to Robert because he	5	lied to	high	133
380	190	unexpected	Susan lied to Robert because he	5	lied to	high	133
381	191	expected	Richard liked Mark because he	4	liked	low	0
382	191	unexpected	Sarah liked Mark because he	4	liked	low	0
383	192	expected	Daniel loathed James because he	4	loathed	low	9
384	192	unexpected	Jessica loathed James because he	4	loathed	low	9
385	193	expected	James loved Robert because he	4	loved	high	284
386	193	unexpected	Susan loved Robert because he	4	loved	high	284
387	194	expected	Thomas maddened John because he	4	maddened	low	2
388	194	unexpected	Susan maddened John because he	4	maddened	low	2
389	195	expected	William married Richard because he	4	married	high	195
390	195	unexpected	Jennifer married Richard because he	4	married	high	195
391	196	expected	Thomas mesmerised Michael because he	4	mesmerised	low	8
392	196	unexpected	Grace mesmerised Michael because he	4	mesmerised	low	8
393	197	expected	Mark met John because he	4	met	high	530
394	197	unexpected	Susan met John because he	4	met	high	530
395	198	expected	Daniel missed John because he	4	missed	high	83
396	198	unexpected	Lily missed John because he	4	missed	high	83
397	199	expected	Richard mocked Michael because he	4	mocked	low	3
398	199	unexpected	Jessica mocked Michael because he	4	mocked	low	3
399	200	expected	Michael mollified John because he	4	mollified	low	2
400	200	unexpected	Elizabeth mollified John because he	4	mollified	low	2
401	201	expected	Richard mourned William because he	4	mourned	low	10
402	201	unexpected	Linda mourned William because he	4	mourned	low	10
403	202	expected	Thomas moved William because he	4	moved	high	628
404	202	unexpected	Emily moved William because he	4	moved	high	628
405	203	expected	Richard nettled Robert because he	4	nettled	high	26
406	203	unexpected	Susan nettled Robert because he	4	nettled	high	26
407	204	expected	Robert noticed David because he	4	noticed	high	844
408	204	unexpected	Jessica noticed David because he	4	noticed	high	844
409	205	expected	John nuzzled Mark because he	4	nuzzled	high	28
410	205	unexpected	Mary nuzzled Mark because he	4	nuzzled	high	28
411	206	expected	William ordered around James because he	5	ordered around	low	1
412	206	unexpected	Lily ordered around James because he	5	ordered around	low	1
413	207	expected	John pacified Daniel because he	4	pacified	low	4
414	207	unexpected	Linda pacified Daniel because he	4	pacified	low	4
415	208	expected	James pained John because he	4	pained	low	6
416	208	unexpected	Grace pained John because he	4	pained	low	6
417	209	expected	Michael pardoned James because he	4	pardoned	high	104
418	209	unexpected	Jennifer pardoned James because he	4	pardoned	high	104
419	210	expected	Thomas passed David because he	4	passed	high	357
420	210	unexpected	Grace passed David because he	4	passed	high	357
421	211	expected	James peeved Thomas because he	4	peeved	high	931
422	211	unexpected	Elizabeth peeved Thomas because he	4	peeved	high	931
423	212	expected	William penalized Michael because he	4	penalized	low	3
424	212	unexpected	Grace penalized Michael because he	4	penalized	low	3
425	213	expected	Daniel persecuted David because he	4	persecuted	low	4
426	213	unexpected	Jennifer persecuted David because he	4	persecuted	low	4
427	214	expected	Robert petted David because he	4	petted	high	230
428	214	unexpected	Grace petted David because he	4	petted	high	230
429	215	expected	John picked up Robert because he	5	picked up	low	0
430	215	unexpected	Grace picked up Robert because he	5	picked up	low	0
431	216	expected	Richard pitied Daniel because he	4	pitied	high	512
432	216	unexpected	Linda pitied Daniel because he	4	pitied	high	512
433	217	expected	David placated James because he	4	placated	low	8
434	217	unexpected	Lily placated James because he	4	placated	low	8
435	218	expected	Robert plagued David because he	4	plagued	low	9
436	218	unexpected	Grace plagued David because he	4	plagued	low	9
437	219	expected	John played William because he	4	played	low	0
438	219	unexpected	Sarah played William because he	4	played	low	0
439	220	expected	Richard played with William because he	5	played with	low	0
440	220	unexpected	Lily played with William because he	5	played with	low	0
441	221	expected	Mark pleased William because he	4	pleased	low	0
442	221	unexpected	Mary pleased William because he	4	pleased	low	0
443	222	expected	Richard praised Thomas because he	4	praised	high	226
444	222	unexpected	Lily praised Thomas because he	4	praised	high	226
445	223	expected	Richard prized William because he	4	prized	high	330
446	223	unexpected	Jessica prized William because he	4	prized	high	330
447	224	expected	Michael prosecuted Richard because he	4	prosecuted	low	15
448	224	unexpected	Jennifer prosecuted Richard because he	4	prosecuted	low	15
449	225	expected	Mark protected Robert because he	4	protected	high	212
450	225	unexpected	Grace protected Robert because he	4	protected	high	212
451	226	expected	Mark provoked Thomas because he	4	provoked	high	35
452	226	unexpected	Jessica provoked Thomas because he	4	provoked	high	35
453	227	expected	Richard punished Robert because he	4	punished	high	38
454	227	unexpected	Emily punished Robert because he	4	punished	high	38
455	228	expected	James pursued David because he	4	pursued	low	19
456	228	unexpected	Elizabeth pursued David because he	4	pursued	low	19
457	229	expected	Thomas questioned James because he	4	questioned	high	35
458	229	unexpected	Jessica questioned James because he	4	questioned	high	35
459	230	expected	Daniel reassured Richard because he	4	reassured	high	27
460	230	unexpected	Emily reassured Richard because he	4	reassured	high	27
461	231	expected	John rebuked Thomas because he	4	rebuked	high	45
462	231	unexpected	Emily rebuked Thomas because he	4	rebuked	high	45
463	232	expected	Michael recompensed Thomas because he	4	recompensed	low	0
464	232	unexpected	Linda recompensed Thomas because he	4	recompensed	low	0
465	233	expected	William relaxed Robert because he	4	relaxed	high	104
466	233	unexpected	Emily relaxed Robert because he	4	relaxed	high	104
467	234	expected	Robert relished Daniel because he	4	relished	high	99
468	234	unexpected	Sarah relished Daniel because he	4	relished	high	99
469	235	expected	John remunerated Mark because he	4	remunerated	low	0
470	235	unexpected	Linda remunerated Mark because he	4	remunerated	low	0
471	236	expected	David repaid James because he	4	repaid	high	25
472	236	unexpected	Susan repaid James because he	4	repaid	high	25
473	237	expected	Thomas repelled Mark because he	4	repelled	low	7
474	237	unexpected	Linda repelled Mark because he	4	repelled	low	7
475	238	expected	Thomas reprimanded Daniel because he	4	reprimanded	low	12
476	238	unexpected	Jessica reprimanded Daniel because he	4	reprimanded	low	12
477	239	expected	John reproached David because he	4	reproached	low	1
478	239	unexpected	Elizabeth reproached David because he	4	reproached	low	1
479	240	expected	James reproved Richard because he	4	reproved	high	61
480	240	unexpected	Linda reproved Richard because he	4	reproved	high	61
481	241	expected	Robert repulsed William because he	4	repulsed	high	34
482	241	unexpected	Jessica repulsed William because he	4	repulsed	high	34
483	242	expected	Mark resented Daniel because he	4	resented	high	41
484	242	unexpected	Emily resented Daniel because he	4	resented	high	41
485	243	expected	Richard respected Mark because he	4	respected	high	54
486	243	unexpected	Emily respected Mark because he	4	respected	high	54
487	244	expected	William revered Thomas because he	4	revered	low	5
488	244	unexpected	Elizabeth revered Thomas because he	4	revered	low	5
489	245	expected	Robert reviled Daniel because he	4	reviled	low	23
490	245	unexpected	Linda reviled Daniel because he	4	reviled	low	23
491	246	expected	David revitalized James because he	4	revitalized	low	3
492	246	unexpected	Emily revitalized James because he	4	revitalized	low	3
493	247	expected	David revolted Mark because he	4	revolted	high	26
494	247	unexpected	Jennifer revolted Mark because he	4	revolted	high	26
495	248	expected	James rewarded Daniel because he	4	rewarded	high	235
496	248	unexpected	Jessica rewarded Daniel because he	4	rewarded	high	235
497	249	expected	Robert ridiculed Mark because he	4	ridiculed	high	61
498	249	unexpected	Grace ridiculed Mark because he	4	ridiculed	high	61
499	250	expected	Robert rushed to David because he	5	rushed to	high	243
500	250	unexpected	Linda rushed to David because he	5	rushed to	high	243
501	251	expected	Robert saluted James because he	4	saluted	high	92
502	251	unexpected	Emily saluted James because he	4	saluted	high	92
503	252	expected	Michael scared Robert because he	4	scared	low	0
504	252	unexpected	Mary scared Robert because he	4	scared	low	0
505	253	expected	Mark scolded Michael because he	4	scolded	low	2
506	253	unexpected	Elizabeth scolded Michael because he	4	scolded	low	2
507	254	expected	John scorned Daniel because he	4	scorned	high	103
508	254	unexpected	Sarah scorned Daniel because he	4	scorned	high	103
509	255	expected	Robert shadowed Michael because he	4	shadowed	low	0
510	255	unexpected	Jessica shadowed Michael because he	4	shadowed	low	0
511	256	expected	David shamed John because he	4	shamed	low	1
512	256	unexpected	Grace shamed John because he	4	shamed	low	1
513	257	expected	Robert shocked Thomas because he	4	shocked	low	5
514	257	unexpected	Jessica shocked Thomas because he	4	shocked	low	5
515	258	expected	Thomas shook William because he	4	shook	high	34
516	258	unexpected	Jennifer shook William because he	4	shook	high	34
517	259	expected	John sickened Robert because he	4	sickened	high	211
518	259	unexpected	Jessica sickened Robert because he	4	sickened	high	211
519	260	expected	David slandered Daniel because he	4	slandered	high	62
520	260	unexpected	Susan slandered Daniel because he	4	slandered	high	62
521	261	expected	Thomas snubbed David because he	4	snubbed	low	4
522	261	unexpected	Grace snubbed David because he	4	snubbed	low	4
523	262	expected	John spanked Michael because he	4	spanked	low	6
524	262	unexpected	Jennifer spanked Michael because he	4	spanked	low	6
525	263	expected	Daniel spooked Robert because he	4	spooked	low	2
526	263	unexpected	Lily spooked Robert because he	4	spooked	low	2
527	264	expected	James staggered David because he	4	staggered	high	65
528	264	unexpected	Sarah staggered David because he	4	staggered	high	65
529	265	expected	Richard stared at James because he	5	stared at	high	106
530	265	unexpected	Sarah stared at James because he	5	stared at	high	106
531	266	expected	Richard startled Thomas because he	4	startled	high	62
532	266	unexpected	Jessica startled Thomas because he	4	startled	high	62
533	267	expected	Robert stimulated Richard because he	4	stimulated	high	26
534	267	unexpected	Elizabeth stimulated Richard because he	4	stimulated	high	26
535	268	expected	Daniel struck John because he	4	struck	high	202
536	268	unexpected	Grace struck John because he	4	struck	high	202
537	269	expected	David sued James because he	4	sued	high	38
538	269	unexpected	Linda sued James because he	4	sued	high	38
539	270	expected	Robert supported David because he	4	supported	high	145
540	270	unexpected	Jennifer supported David because he	4	supported	high	145
541	271	expected	James surprised Michael because he	4	surprised	high	29
542	271	unexpected	Sarah surprised Michael because he	4	surprised	high	29
543	272	expected	David tailed Michael because he	4	tailed	low	1
544	272	unexpected	Mary tailed Michael because he	4	tailed	low	1
545	273	expected	Richard tantalized Thomas because he	4	tantalized	low	0
546	273	unexpected	Grace tantalized Thomas because he	4	tantalized	low	0
547	274	expected	Thomas telephoned Robert because he	4	telephoned	high	48
548	274	unexpected	Mary telephoned Robert because he	4	telephoned	high	48
549	275	expected	James thanked Robert because he	4	thanked	high	37
550	275	unexpected	Elizabeth thanked Robert because he	4	thanked	high	37
551	276	expected	Thomas toasted David because he	4	toasted	low	16
552	276	unexpected	Linda toasted David because he	4	toasted	low	16
553	277	expected	Robert tolerated James because he	4	tolerated	low	9
554	277	unexpected	Susan tolerated James because he	4	tolerated	low	9
555	278	expected	David took away Mark because he	5	took away	low	0
556	278	unexpected	Linda took away Mark because he	5	took away	low	0
557	279	expected	Michael tormented Robert because he	4	tormented	low	2
558	279	unexpected	Jennifer tormented Robert because he	4	tormented	low	2
559	280	expected	David tracked John because he	4	tracked	high	334
560	280	unexpected	Jennifer tracked John because he	4	tracked	high	334
561	281	expected	Robert trailed Daniel because he	4	trailed	low	3
562	281	unexpected	Jessica trailed Daniel because he	4	trailed	low	3
563	282	expected	David treasured Thomas because he	4	treasured	high	154
564	282	unexpected	Elizabeth treasured Thomas because he	4	treasured	high	154
565	283	expected	Richard troubled Robert because he	4	troubled	high	534
566	283	unexpected	Sarah troubled Robert because he	4	troubled	high	534
567	284	expected	Mark trusted Thomas because he	4	trusted	high	53
568	284	unexpected	Jessica trusted Thomas because he	4	trusted	high	53
569	285	expected	David unnerved John because he	4	unnerved	low	14
570	285	unexpected	Susan unnerved John because he	4	unnerved	low	14
571	286	expected	William unsettled Robert because he	4	unsettled	low	6
572	286	unexpected	Mary unsettled Robert because he	4	unsettled	low	6
573	287	expected	David uplifted James because he	4	uplifted	low	2
574	287	unexpected	Grace uplifted James because he	4	uplifted	low	2
575	288	expected	Daniel upset John because he	4	upset	low	2
576	288	unexpected	Elizabeth upset John because he	4	upset	low	2
577	289	expected	Daniel valued John because he	4	valued	high	31
578	289	unexpected	Jennifer valued John because he	4	valued	high	31
579	290	expected	Thomas venerated Mark because he	4	venerated	low	2
580	290	unexpected	Jessica venerated Mark because he	4	venerated	low	2
581	291	expected	Robert vexed Michael because he	4	vexed	low	0
582	291	unexpected	Grace vexed Michael because he	4	vexed	low	0
583	292	expected	Richard victimized Thomas because he	4	victimized	high	55
584	292	unexpected	Lily victimized Thomas because he	4	victimized	high	55
585	293	expected	Thomas vilified William because he	4	vilified	low	8
586	293	unexpected	Susan vilified William because he	4	vilified	low	8
587	294	expected	William visited Daniel because he	4	visited	high	132
588	294	unexpected	Lily visited Daniel because he	4	visited	high	132
589	295	expected	Michael wanted William because he	4	wanted	low	0
590	295	unexpected	Susan wanted William because he	4	wanted	low	0
591	296	expected	Thomas warned Robert because he	4	warned	high	51
592	296	unexpected	Susan warned Robert because he	4	warned	high	51
593	297	expected	Mark wearied John because he	4	wearied	low	2
594	297	unexpected	Jessica wearied John because he	4	wearied	low	2
595	298	expected	David welcomed William because he	4	welcomed	high	88
596	298	unexpected	Elizabeth welcomed William because he	4	welcomed	high	88
597	299	expected	William worried David because he	4	worried	low	4
598	299	unexpected	Susan worried David because he	4	worried	low	4
599	300	expected	Mark worried about John because he	5	worried about	high	51
600	300	unexpected	Sarah worried about John because he	5	worried about	high	51
601	301	expected	Thomas worshipped Richard because he	4	worshipped	high	216
602	301	unexpected	Mary worshipped Richard because he	4	worshipped	high	216
603	302	expected	James wounded Mark because he	4	wounded	high	395
604	302	unexpected	Emily wounded Mark because he	4	wounded	high	395
605	303	expected	Daniel wowed Thomas because he	4	wowed	high	24
606	303	unexpected	Jessica wowed Thomas because he	4	wowed	high	24
607	304	expected	John yearned for James because he	5	yearned for	high	31
608	304	unexpected	Elizabeth yearned for James because he	5	yearned for	high	31
609	305	expected	Mark yelled at Michael because he	5	yelled at	high	25
610	305	unexpected	Elizabeth yelled at Michael because he	5	yelled at	high	25
